_id,type,date,duration,status,transcription_user,transcription_started_on,transcription_ended_on,translation_user,translation_started_on,translation_ended_on,translation_review_user,translation_review_started_on,translation_review_ended_on
5feb40da638e744fa4ca2a95,spanish,1607599655.979692,302.085,completed,5fedd0e07c5473086fc66e60,1609421075002,1609421094689,5fedd0e07c5473086fc66e60,1609421098108,1609421121762,5fedd0e07c5473086fc66e60,1609421125025,1609421148681
5feb40da638e744fa4ca2a96,spanish,1607599659.3573592,305.175,transcription,5fedd0e07c5473086fc66e60,1609421160321,,,,,,,
5feb40da638e744fa4ca2a97,spanish,1607599661.1817765,298.07000000000005,translation,5feb4092f44a284f837fc06e,1609758211034,1609758296089,,,,,,
5feb40da638e744fa4ca2a98,spanish,1607599662.8593898,300.93999999999994,completed,AchutRaj,1609830931106,1609835075108,,,1609835353032,AchutRaj,1609835382810,1609835473319
5feb40da638e744fa4ca2a99,spanish,1607599665.5228796,296.96000000000004,completed,AchutRaj,1609835494594,1609836586447,,,1609836639145,,,1609836717404
5feb40da638e744fa4ca2a9a,spanish,1607599667.8139207,300.3699999999999,translation,sudesh,1609835518160,1609845689770,,,,,,
5feb40da638e744fa4ca2a9b,spanish,1607599670.7190652,296.82000000000016,completed,AchutRaj,1609837359499,1609842530131,,,1609842590514,,,1609844219900
5feb40da638e744fa4ca2a9c,spanish,1607599672.739617,294.15999999999985,translation_review,AchutRaj,1609902378032,1609907582463,,,1609907708353,,,1609906849193
5feb40da638e744fa4ca2a9d,spanish,1607599675.0083017,287.5999999999999,translation,sudesh,1609906362061,1609912236509,,,,,,
5feb40da638e744fa4ca2a9e,spanish,1607599677.1049063,301.60000000000036,translation_review,AchutRaj,1609908067712,1609912513248,AchutRaj,1609913457972,1609913551456,,,
5feb40da638e744fa4ca2a9f,spanish,1607599679.8241768,333.3599999999997,translation_review,sudesh,1609912337494,1609918574198,,,1609919963628,,,
5feb40da638e744fa4ca2aa0,spanish,1607599682.2049146,317.07000000000016,completed,AchutRaj,1609913558283,1609914576942,,,1609914616610,,,1609914735829
5feb40da638e744fa4ca2aa1,spanish,1607599684.4470062,266.5,translation_review,AchutRaj,1609915523768,1609915752620,AchutRaj,1609915924738,1609915949130,,,
5feb40da638e744fa4ca2b35,spanish,1607599790.3967462,294.57,translation_review,AchutRaj,1609915955555,1609920618948,,,1609920626602,,,1609920399612
5feb40da638e744fa4ca2b36,spanish,1607599791.9791226,305.15000000000003,translation,sudesh,1609919983241,1609926065982,,,,,,
5feb40da638e744fa4ca2b37,spanish,1607599794.0423107,296.74,translation,AchutRaj,1609922258373,1609926985756,,,1609926252905,,,1609926417442
5feb40da638e744fa4ca2b38,spanish,1607599795.5970118,302.15999999999985,completed,mireia,1610085000539,1610087638499,mireia,1610087649267,1610087680143,mireia,1610353920504,1610354527998
5feb40da638e744fa4ca2b39,spanish,1607599797.0109878,290.6700000000001,transcription,AchutRaj,1609920658851,1609921387436,,,1609921417716,,,1609921583761
5feb40da638e744fa4ca2b3a,spanish,1607599798.7914832,298.78,translation_review,mireia,1609923015876,1609923193823,mireia,1609923368283,1609923476511,,,
5feb40da638e744fa4ca2b3b,spanish,1607599800.583276,302.14999999999986,,mireia,1609923480162,1609926494839,mireia,1609925505358,1609926522614,,,1609926688342
5feb40da638e744fa4ca2b3c,spanish,1607599802.6587017,305.96000000000004,translation,sudesh,1609926235540,1609931841818,,,,,,
5feb40da638e744fa4ca2b3d,spanish,1607599804.2709072,305.47000000000025,translation,sudesh,1609991853412,1609997168103,,,,,,
5feb40da638e744fa4ca2b3e,spanish,1607599805.8973033,300.27,translation,AchutRaj,1609993108945,1609993748592,,,,,,
5feb40da638e744fa4ca2b3f,spanish,1607599807.690607,300.15999999999985,translation,AchutRaj,1609997103426,1609999189975,,,,,,
5feb40da638e744fa4ca2b40,spanish,1607599808.8499136,149.17000000000007,translation,AchutRaj,1609927966288,1609928215610,,,,,,
5feb40da638e744fa4ca2aa2,spanish,1607599810.0158432,313.01,translation,sudesh,1609997986980,1610003028524,,,,,,
5feb40da638e744fa4ca2aa3,spanish,1607599811.2165797,290.38,translation_review,mireia,1609998412730,1610001712160,mireia,1610001731039,1610002044530,,,
5feb40da638e744fa4ca2aa4,spanish,1607599812.65398,304.72,translation_review,mireia,1610003647279,1610006228824,mireia,1610006239506,1610006398159,,,
5feb40da638e744fa4ca2aa5,spanish,1607599813.969274,297.0200000000001,translation,AchutRaj,1610002751032,1610004707489,,,,,,
5feb40da638e744fa4ca2aa6,spanish,1607599815.2961843,298.78,translation,sudesh,1610003043712,1610007412098,,,,,,
5feb40da638e744fa4ca2aa7,spanish,1607599816.6771061,292.51,translation,AchutRaj,1610006362355,1610011171009,,,,,,
5feb40da638e744fa4ca2aa8,spanish,1607599818.0715418,300.77999999999975,translation,sudesh,1610008931827,1610013337378,,,,,,
5feb40da638e744fa4ca2aa9,spanish,1607599819.4117453,278.0100000000002,translation_review,mireia,1610009444259,1610011595821,mireia,1610011915862,1610012270307,,,
5feb40da638e744fa4ca2aaa,spanish,1607599820.910914,304.8499999999999,translation_review,mireia,1610013289376,1610014831435,mireia,1610089619623,1610089938193,,,
5feb40da638e744fa4ca2aab,spanish,1607599822.6990411,299.1199999999999,translation,AchutRaj,1610078553783,1610078891942,,,,,,
5feb40da638e744fa4ca2aac,spanish,1607599823.990311,296.57000000000016,translation,AchutRaj,1610012272007,1610012969761,,,,,,
5feb40da638e744fa4ca2aad,spanish,1607599825.4924686,305.8000000000002,translation_review,mireia,1610091452752,1610093549412,mireia,1610093622115,1610093802419,,,
5feb40da638e744fa4ca2aae,spanish,1607599826.41728,95.55999999999995,translation,sudesh,1610013365635,1610014888125,,,,,,
5feb40da638e744fa4ca2abd,spanish,1607599827.954785,296.305,translation,sudesh,1610079897401,1610081340125,,,,,,
5feb40da638e744fa4ca2abe,spanish,1607599829.29909,307.935,translation,AchutRaj,1610088027265,1610090474918,,,,,,
5feb40da638e744fa4ca2abf,spanish,1607599830.830917,305.80999999999995,translation,AchutRaj,1610093294639,1610098383493,,,,,,
5feb40da638e744fa4ca2ac0,spanish,1607599832.4402494,315.6700000000001,translation,mireia,1610095197207,1610095645941,,,,,,
5feb40da638e744fa4ca2ac1,spanish,1607599833.8239613,296.03999999999996,translation_review,mireia,1610099409263,1610101830858,mireia,1610101957315,1610102079834,,,
5feb40da638e744fa4ca2ac2,spanish,1607599835.1716793,302.54999999999995,translation_review,AchutRaj,1610251421039,1610255475106,mireia,1610354571874,1610355764368,,,
5feb40da638e744fa4ca2ac3,spanish,1607599836.4563518,290.8600000000001,translation,AchutRaj,1610083813659,1610087353609,,,,,,
5feb40da638e744fa4ca2ac4,spanish,1607599837.8967764,305.8899999999999,translation,AchutRaj,1610098411230,1610102997268,,,,,,
5feb40da638e744fa4ca2ac5,spanish,1607599839.2075326,279.5999999999999,translation,sudesh,1610014947161,1610019364305,,,,,,
5feb40da638e744fa4ca2ac6,spanish,1607599841.010443,301.35000000000036,translation,sudesh,1610086506008,1610087563548,,,,,,
5feb40da638e744fa4ca2ac7,spanish,1607599842.8428428,301.65999999999985,translation,sudesh,1610091740806,1610096564536,,,,,,
5feb40da638e744fa4ca2ac8,spanish,1607599844.3749275,293.7399999999998,translation,sudesh,1610097865298,1610102897062,,,,,,
5feb40da638e744fa4ca2ac9,spanish,1607599845.5223825,276.9100000000003,translation_review,sudesh,1610253539601,1610256024755,mireia,1610358547503,1610360122018,,,
5feb40da638e744fa4ca2aaf,spanish,1607599847.0776446,299.22,translation_review,AchutRaj,1610255508896,1610259691727,mireia,1610434313002,1610435842727,,,
5feb40da638e744fa4ca2ab0,spanish,1607599848.2469141,306.05999999999995,translation_review,sudesh,1610258843701,1610262656116,mireia,1610440770435,1610441830327,,,
5feb40da638e744fa4ca2ab1,spanish,1607599849.5575979,309.43000000000006,translation_review,AchutRaj,1610259758822,1610259858413,mireia,1610446204815,1610447475141,,,
5feb40da638e744fa4ca2ab2,spanish,1607599851.0444908,301.05999999999995,completed,sudesh,1610262671134,1610268658422,eric,1610448780573,1610514112060,eric,1610515185270,1610515218421
5feb40da638e744fa4ca2ab3,spanish,1607599852.518532,299.3900000000001,translation_review,AchutRaj,1610263822213,1610268885607,mireia,1610519148304,1610520578781,,,
5feb40da638e744fa4ca2ab4,spanish,1607599853.981417,303.5999999999999,completed,sudesh,1610268688218,1610274973169,eric,1610524917142,1610529452724,eric,1610529537232,1610530316555
5feb40da638e744fa4ca2ab5,spanish,1607599855.6393535,291.1400000000001,translation_review,AchutRaj,1610269826425,1610273933012,mireia,1610522067092,1610523064962,,,
5feb40da638e744fa4ca2ab6,spanish,1607599857.0770154,292.53999999999996,translation,AchutRaj,1610338257844,1610338319660,,,,,,
5feb40da638e744fa4ca2ab7,spanish,1607599858.1830325,308.40999999999985,translation_review,AchutRaj,1610338121620,1610338241706,eric,1610530572984,1610530838065,,,
5feb40da638e744fa4ca2ab8,spanish,1607599859.3291583,288.5300000000002,completed,mireia,1610342727684,1610343046392,mireia,1610346973372,1610347163155,mireia,1610349427951,1610350272098
5feb40da638e744fa4ca2ab9,spanish,1607599860.6605444,306.69000000000005,translation,AchutRaj,1610338337482,1610338348538,,,,,,
5feb40da638e744fa4ca2aba,spanish,1607599861.9472435,299.98,translation,sudesh,1610338739522,1610339297551,,,,,,
5feb40da638e744fa4ca2abb,spanish,1607599863.196818,300.4499999999998,translation_review,sudesh,1610339313759,1610345142453,mireia,1610526313777,1610527925008,,,
5feb40da638e744fa4ca2abc,spanish,1607599864.3106472,136.2800000000002,translation_review,sudesh,1610275006758,1610276917054,mireia,1610529653217,1610530309101,,,
5feb40da638e744fa4ca2a60,spanish,1607599865.8336368,310.67,translation_review,AchutRaj,1610338358917,1610345090949,mireia,1610690046788,1610691278968,,,
5feb40da638e744fa4ca2a61,spanish,1607599867.3269594,306.61999999999995,translation_review,sudesh,1610345162638,1610352784896,eric,1610689211334,1610692750904,,,
5feb40da638e744fa4ca2a62,spanish,1607599868.7212293,303.75,translation_review,AchutRaj,1610352063323,1610359534196,mireia,1610693089684,1610695202198,,,
5feb40da638e744fa4ca2a63,spanish,1607599870.069031,281.4000000000001,translation_review,sudesh,1610352813009,1610359847844,eric,1610695623527,1610698053859,,,
5feb40da638e744fa4ca2a64,spanish,1607599871.6635873,294.95000000000005,translation_review,AchutRaj,1610359587798,1610364211133,mireia,1610697436933,1610700363245,,,
5feb40da638e744fa4ca2a65,spanish,1607599873.0848584,311.3899999999999,translation_review,AchutRaj,1610345146806,1610352045433,eric,1610701578681,1610705493939,,,
5feb40da638e744fa4ca2a66,spanish,1607599875.081023,300.54999999999995,translation_review,sudesh,1610359887689,1610364477219,mireia,1610702127906,1610703478099,,,
5feb40da638e744fa4ca2a67,spanish,1607599876.7299538,313.8800000000001,translation_review,AchutRaj,1610424416644,1610430131564,mireia,1610705777808,1610707176327,,,
5feb40da638e744fa4ca2a68,spanish,1607599878.2712336,322.25999999999976,translation_review,sudesh,1610425335427,1610431303979,thinley,1611215581162,1611219607143,mireia,1611221789152,
5feb40da638e744fa4ca2a69,spanish,1607599879.8278115,315.3300000000004,translation_review,AchutRaj,1610430597031,1610436964418,eric,1610860690084,1610863104328,,,
5feb40da638e744fa4ca2a6a,spanish,1607599881.2305992,289.3599999999997,translation_review,AchutRaj,1610437004188,1610442063030,mireia,1610862340394,1610863624939,,,
5feb40da638e744fa4ca2a6b,spanish,1607599882.6083932,291.98,translation_review,sudesh,1610438757976,1610444432684,eric,1610864746798,1610866700904,,,
5feb40da638e744fa4ca2a6c,spanish,1607599883.6649125,157.14000000000033,translation_review,AchutRaj,1610447988060,1610450175745,mireia,1610864377598,1610865352912,,,
5feb40da638e744fa4ca2b5b,spanish,1607599885.3744602,329.135,translation_review,sudesh,1610431579246,1610438727339,mireia,1610868172566,1610869586892,,,
5feb40da638e744fa4ca2b5c,spanish,1607599886.7514632,296.845,translation_review,thinley,1610438164300,1610446438687,eric,1610868730473,1610871865523,,,
5feb40da638e744fa4ca2b5d,spanish,1607599887.9099646,308.1,completed,eric,1610438974605,1610446014076,eric,1610515268738,1610518460974,eric,1610518503579,1610519277344
5feb40da638e744fa4ca2b5e,spanish,1607599889.459943,294.17999999999995,translation_review,AchutRaj,1610442117074,1610447793045,eric,1610533782164,1610686660890,,,
5feb40da638e744fa4ca2b5f,spanish,1607599890.9365902,292.78,translation_review,thinley,1610446477431,1610513551418,mireia,1610872587032,1610874961504,,,
5feb40da638e744fa4ca2b60,spanish,1607599892.4650943,296.1500000000001,translation_review,AchutRaj,1610510565134,1610515905910,eric,1610874124230,1610876122265,,,
5feb40da638e744fa4ca2b61,spanish,1607599894.459902,294.2999999999997,translation_review,thinley,1610513757780,1610518068405,mireia,1610876729358,1610877923610,,,
5feb40da638e744fa4ca2b62,spanish,1607599895.768109,301.71000000000004,translation_review,sudesh,1610444457998,1610449045392,eric,1610877559708,1610879144506,,,
5feb40da638e744fa4ca2b63,spanish,1607599897.0234122,301.3000000000002,translation_review,sudesh,1610511562175,1610516311375,mireia,1610879339128,1610880095442,,,
5feb40da638e744fa4ca2b64,spanish,1607599898.4929729,293.0799999999999,translation_review,thinley,1610518358464,1610523709075,eric,1610943088600,1610944802652,,,
5feb40da638e744fa4ca2b65,spanish,1607599899.8907983,299.19000000000005,translation_review,sudesh,1610521654555,1610528297730,mireia,1610949996308,1610951139711,,,
5feb40da638e744fa4ca2b66,spanish,1607599901.3490794,291.09000000000015,translation_review,thinley,1610523779173,1610527132192,eric,1610946572734,1610948135174,,,
5feb40da638e744fa4ca2b67,spanish,1607599902.7029421,296.90999999999985,translation_review,thinley,1610527246408,1610531763184,eric,1610950164914,1610952307973,,,
5feb40da638e744fa4ca2b68,spanish,1607599903.9838274,302.55999999999995,translation_review,AchutRaj,1610515945235,1610520523705,mireia,1610952931853,1610954232581,,,
5feb40da638e744fa4ca2b69,spanish,1607599905.4852815,304.22000000000025,translation_review,sudesh,1610516353480,1610521631670,eric,1610954103849,1610955469505,,,
5feb40da638e744fa4ca2b11,spanish,1607599907.1645794,297.93,translation_review,thinley,1610531799492,1610683618189,mireia,1610955955164,1610956951005,,,
5feb40da638e744fa4ca2b12,spanish,1607599908.4447885,303.59,translation_review,AchutRaj,1610527196670,1610531602537,eric,1610957602200,1610960401772,,,
5feb40da638e744fa4ca2b13,spanish,1607599909.6715271,292.6,translation_review,AchutRaj,1610531638568,1610536615180,mireia,1610960192522,1610961663566,,,
5feb40da638e744fa4ca2b14,spanish,1607599911.0203636,302.07000000000005,translation_review,AchutRaj,1610520583463,1610527136258,eric,1610962066755,1610964139160,,,
5feb40da638e744fa4ca2b15,spanish,1607599912.4916818,301.89999999999986,translation_review,sudesh,1610528340657,1610536784098,mireia,1610963657234,1610965219239,,,
5feb40da638e744fa4ca2b16,spanish,1607599913.6672735,297.03,translation_review,AchutRaj,1610683397474,1610687433407,eric,1611031547808,1611033163407,,,
5feb40da638e744fa4ca2b17,spanish,1607599914.8600223,299.5799999999999,translation_review,thinley,1610683684690,1610688040228,eric,1611034964662,1611037942194,,,
5feb40da638e744fa4ca2b18,spanish,1607599916.5522082,303.78999999999996,translation_review,sudesh,1610683984458,1610689514257,mireia,1611036068387,1611037526964,,,
5feb40da638e744fa4ca2b19,spanish,1607599918.132694,296.8100000000004,translation_review,AchutRaj,1610687489447,1610691155895,mireia,1611039337510,1611040618537,,,
5feb40da638e744fa4ca2b1a,spanish,1607599919.553269,301.5499999999997,translation_review,thinley,1610688061534,1610691143272,eric,1611039768142,1611042262689,,,
5feb40da638e744fa4ca2b1b,spanish,1607599920.8879657,282.1700000000001,translation_review,thinley,1610691170825,1610694686077,mireia,1611042067097,1611045189343,,,
5feb40da638e744fa4ca2b1c,spanish,1607599922.260961,292.4000000000001,translation_review,AchutRaj,1610691251319,1610695810763,eric,1611045353913,1611046761650,,,
5feb40da638e744fa4ca2aca,spanish,1607599923.9550507,307.73,translation_review,sudesh,1610689540098,1610696211907,mireia,1611046932395,1611048235484,,,
5feb40da638e744fa4ca2acb,spanish,1607599925.6701944,294.5,translation_review,thinley,1610694713334,1610697629358,eric,1611049002910,1611050614094,,,
5feb40da638e744fa4ca2acc,spanish,1607599927.1960313,303.85,translation_review,AchutRaj,1610695850083,1610703542807,mireia,1611050569493,1611123385527,,,
5feb40da638e744fa4ca2acd,spanish,1607599928.5024612,302.37,translation_review,sudesh,1610697322649,1610703356990,eric,1611116943149,1611118885266,,,
5feb40da638e744fa4ca2ace,spanish,1607599929.8328376,289.65999999999985,completed,thinley,1610697746566,1610703234396,eric,1611121573284,1611123940300,eric,1611125653098,1611125677541
5feb40da638e744fa4ca2acf,spanish,1607599931.1229224,300.95000000000005,translation_review,thinley,1610703275603,1610707433551,mireia,1611124990921,1611126450978,,,
5feb40da638e744fa4ca2ad0,spanish,1607599932.4985101,299.09000000000015,translation_review,AchutRaj,1610960345817,1610965591233,mireia,1611130591361,1611132131919,,,
5feb40da638e744fa4ca2ad1,spanish,1607599933.698224,297.77,translation_review,AchutRaj,1610703582256,1610709361210,eric,1611131132238,1611133516691,,,
5feb40da638e744fa4ca2ad2,spanish,1607599934.7897928,312.02999999999975,translation_review,sudesh,1610703412583,1610709701030,mireia,1611134425582,1611135913322,,,
5feb40da638e744fa4ca2ad3,spanish,1607599936.0573204,305.0300000000002,translation_review,AchutRaj,1610855824532,1610860719843,eric,1611135672669,1611137702048,,,
5feb40da638e744fa4ca2ad4,spanish,1607599937.526432,297.69000000000005,translation_review,sudesh,1610857010402,1610862299634,mireia,1611138511282,1611139533277,,,
5feb40da638e744fa4ca2ad5,spanish,1607599938.876302,295.53999999999996,translation_review,sudesh,1610862343008,1610866445574,eric,1611202076919,1611203842088,,,
5feb40da638e744fa4ca2ad6,spanish,1607599940.2901874,287.4200000000001,translation_review,sudesh,1610866475161,1610870210618,mireia,1611204568580,1611205649002,,,
5feb40da638e744fa4ca2ad7,spanish,1607599941.4031918,300.4200000000001,translation_review,AchutRaj,1610860748404,1610864906911,eric,1611205136421,1611207039332,,,
5feb40da638e744fa4ca2ad8,spanish,1607599942.23152,169.13999999999942,translation_review,sudesh,1610870233855,1610873504583,mireia,1611033444846,1611034178969,,,
5feb40da638e744fa4ca2b76,spanish,1607599943.8771682,280.16,translation_review,AchutRaj,1610955951048,1610960304659,eric,1611125690864,1611127424214,,,
5feb40da638e744fa4ca2b77,spanish,1607599945.7083106,310.31,translation_review,AchutRaj,1610864937691,1610869119571,mireia,1611206922980,1611208067448,,,
5feb40da638e744fa4ca2b78,spanish,1607599947.2575922,301.17999999999995,translation_review,AchutRaj,1610869161646,1610873526603,eric,1611209733218,1611211355869,,,
5feb40da638e744fa4ca2b79,spanish,1607599948.649534,305.5300000000001,translation_review,AchutRaj,1610873560143,1610878230060,mireia,1611210253462,1611211454316,,,
5feb40da638e744fa4ca2b7a,spanish,1607599950.0848432,292.49,translation_review,AchutRaj,1610942355297,1610946627351,eric,1611212473749,1611213886907,,,
5feb40da638e744fa4ca2b7b,spanish,1607599951.5212038,329.1299999999999,translation_review,sudesh,1610873544704,1610878821008,mireia,1611213377800,1611214871964,,,
5feb40da638e744fa4ca2b7c,spanish,1607599953.1124115,300.89999999999986,translation_review,sudesh,1610943007735,1610948517027,eric,1611216311347,1611218462951,,,
5feb40da638e744fa4ca2b7d,spanish,1607599954.4734995,305.8600000000001,translation_review,AchutRaj,1610951775092,1610955898308,mireia,1611217480022,1611218821623,,,
5feb40da638e744fa4ca2b7e,spanish,1607599956.1248758,296.32000000000016,translation,thinley,1610960589686,1610967900536,eric,1611220245514,,,,
5feb40da638e744fa4ca2b7f,spanish,1607599957.6947126,304.1999999999998,translation_review,thinley,1610956690866,1610960415641,mireia,1611220218982,1611221708776,,,
5feb40da638e744fa4ca2b80,spanish,1607599958.628999,93.61000000000013,transcription_review,sudesh,1610878870655,1610880437838,,,,,,
5feb40da638e744fa4ca2a51,spanish,1607599960.2538037,298.4,transcription_review,thinley,1610943238364,1610947461598,,,,,,
5feb40da638e744fa4ca2a52,spanish,1607599961.5759256,299.76,transcription_review,thinley,1610947496648,1610952708595,,,,,,
5feb40da638e744fa4ca2a53,spanish,1607599962.6920514,308.34000000000003,transcription_review,thinley,1610952733613,1610955893856,,,,,,
5feb40da638e744fa4ca2a54,spanish,1607599963.743162,311.6700000000001,transcription_review,sudesh,1610948570572,1610953748391,,,,,,
5feb40da638e744fa4ca2a55,spanish,1607599964.855956,309.17999999999984,transcription_review,sudesh,1610953895742,1610959597825,,,,,,
5feb40da638e744fa4ca2a56,spanish,1607599966.033253,356.2900000000002,transcription_review,AchutRaj,1610946675121,1610951738596,,,,,,
5feb40da638e744fa4ca2a57,spanish,1607599967.077594,305.04999999999995,transcription_review,sudesh,1610959613579,1610966088951,,,,,,
5feb40da638e744fa4ca2a58,spanish,1607599968.2905004,309.27999999999975,transcription_review,sudesh,1611031469946,1611035861624,,,,,,
5feb40da638e744fa4ca2a59,spanish,1607599969.3238409,294.0300000000002,transcription_review,AchutRaj,1611031482280,1611034689701,,,,,,
5feb40da638e744fa4ca2a5a,spanish,1607599970.36153,294.80999999999995,transcription_review,AchutRaj,1611034716109,1611039127930,,,,,,
5feb40da638e744fa4ca2a5b,spanish,1607599971.4353237,293.90999999999985,transcription_review,sudesh,1611035882771,1611040589721,,,,,,
5feb40da638e744fa4ca2a5c,spanish,1607599972.4793413,294.75,transcription_review,sudesh,1611040604998,1611045972527,,,,,,
5feb40da638e744fa4ca2a5d,spanish,1607599973.540799,299.94000000000005,transcription_review,AchutRaj,1611039166839,1611044497719,,,,,,
5feb40da638e744fa4ca2a5e,spanish,1607599974.6463761,300.1100000000006,transcription_review,thinley,1611032614443,1611036426897,,,,,,
5feb40da638e744fa4ca2a5f,spanish,1607599975.6081936,271.0599999999995,transcription_review,thinley,1611036439243,1611038640053,,,,,,
5feb40da638e744fa4ca2b81,spanish,1607599976.839827,298.055,transcription_review,thinley,1611038652987,1611041496327,,,,,,
5feb40da638e744fa4ca2b82,spanish,1607599977.9667554,297.88500000000005,transcription_review,thinley,1611041512693,1611043818620,,,,,,
5feb40da638e744fa4ca2b83,spanish,1607599979.153102,302.8499999999999,transcription_review,thinley,1611043826814,1611046293746,,,,,,
5feb40da638e744fa4ca2b84,spanish,1607599980.2334952,301.26,transcription_review,AchutRaj,1611044515975,1611048670384,,,,,,
5feb40da638e744fa4ca2b85,spanish,1607599981.282195,295.56999999999994,transcription_review,sudesh,1611045997038,1611049494378,,,,,,
5feb40da638e744fa4ca2b86,spanish,1607599982.3278182,296.3700000000001,transcription_review,AchutRaj,1611048710822,1611053070708,,,,,,
5feb40da638e744fa4ca2b87,spanish,1607599983.4571354,308.6899999999998,transcription_review,sudesh,1611049509763,1611055310028,,,,,,
5feb40da638e744fa4ca2b88,spanish,1607599984.5095718,296.6500000000001,transcription_review,thinley,1611059531863,1611063816351,,,,,,
5feb40da638e744fa4ca2b89,spanish,1607599985.5703523,298.5100000000002,transcription_review,sudesh,1611115651944,1611120465392,,,,,,
5feb40da638e744fa4ca2b8a,spanish,1607599986.6165318,297.27,transcription_review,AchutRaj,1611124878035,1611131305014,,,,,,
5feb40da638e744fa4ca2b8b,spanish,1607599987.5976715,300.03999999999996,transcription_review,AchutRaj,1611116095995,1611120182182,,,,,,
5feb40da638e744fa4ca2b8c,spanish,1607599988.3152356,95.75,transcription_review,AchutRaj,1611131356856,1611133212812,,,,,,
5feb40da638e744fa4ca2a42,spanish,1607599989.51401,305.335,transcription_review,AchutRaj,1611120194436,1611124850328,,,,,,
5feb40da638e744fa4ca2a43,spanish,1607599990.619787,299.89500000000004,transcription_review,sudesh,1611126198740,1611133339325,,,,,,
5feb40da638e744fa4ca2a44,spanish,1607599991.5843272,287.81999999999994,transcription_review,thinley,1611128251558,1611132524379,,,,,,
5feb40da638e744fa4ca2a45,spanish,1607599992.6358342,297.3900000000001,transcription_review,thinley,1611124724500,1611128241566,,,,,,
5feb40da638e744fa4ca2a46,spanish,1607599993.6359012,304.03,transcription_review,thinley,1611118995495,1611122069725,,,,,,
5feb40da638e744fa4ca2a47,spanish,1607599994.8293355,301.23,transcription_review,thinley,1611122082803,1611124709682,,,,,,
5feb40da638e744fa4ca2a48,spanish,1607599995.917941,321.01,transcription_review,sudesh,1611120489411,1611126074690,,,,,,
5feb40da638e744fa4ca2a49,spanish,1607599996.9743001,300.32000000000016,transcription_review,thinley,1611132555514,1611137117508,,,,,,
5feb40da638e744fa4ca2a4a,spanish,1607599998.3718634,300.0899999999997,transcription_review,thinley,1611137227246,1611199896902,,,,,,
5feb40da638e744fa4ca2a4b,spanish,1607599999.3624368,298.5799999999999,transcription_review,thinley,1611199961985,1611204893477,,,,,,
5feb40da638e744fa4ca2a4c,spanish,1607600000.389927,309.47000000000025,transcription_review,AchutRaj,1611202183501,1611206381830,,,,,,
5feb40da638e744fa4ca2a4d,spanish,1607600001.3737462,298.34000000000015,transcription_review,sudesh,1611202738251,1611207883736,,,,,,
5feb40da638e744fa4ca2a4e,spanish,1607600002.4573557,295.9899999999998,transcription_review,AchutRaj,1611210149324,1611213611118,,,,,,
5feb40da638e744fa4ca2a4f,spanish,1607600003.5071206,301.15999999999985,transcription_review,AchutRaj,1611206402800,1611210079639,,,,,,
5feb40da638e744fa4ca2a50,spanish,1607600004.4820423,233.61000000000058,,,,,,,,,,
5feb40da638e744fa4ca2b1d,spanish,1607600005.7439895,300.405,transcription_review,AchutRaj,1611213655523,1611219083736,,,,,,
5feb40da638e744fa4ca2b1e,spanish,1607600006.8396575,310.6650000000001,transcription_review,thinley,1611204910493,1611207604082,,,,,,
5feb40da638e744fa4ca2b1f,spanish,1607600007.857208,296.8399999999999,transcription_review,thinley,1611207618789,1611209979287,,,,,,
5feb40da638e744fa4ca2b20,spanish,1607600008.928171,308.86,transcription_review,thinley,1611210002428,1611215466208,,,,,,
5feb40da638e744fa4ca2b21,spanish,1607600010.0198958,311.1700000000001,transcription_review,sudesh,1611207915246,1611213507786,,,,,,
5feb40da638e744fa4ca2b22,spanish,1607600011.073295,300.15999999999985,transcription_review,sudesh,1611213524494,1611218986781,,,,,,
5feb40da638e744fa4ca2b23,spanish,1607600012.1269472,300.7800000000002,transcription,AchutRaj,1611219117624,,,,,,,
5feb40da638e744fa4ca2b24,spanish,1607600013.1482193,296.17999999999984,,,,,,,,,,
5feb40da638e744fa4ca2b25,spanish,1607600014.2094135,300.5300000000002,,,,,,,,,,
5feb40da638e744fa4ca2b26,spanish,1607600015.2762418,299.9699999999998,,,,,,,,,,
5feb40da638e744fa4ca2b27,spanish,1607600016.3763845,304.82000000000016,transcription,sudesh,1611219042382,,,,,,,
5feb40da638e744fa4ca2b28,spanish,1607600017.3710916,296.8399999999997,,,,,,,,,,
5feb40da638e744fa4ca2b29,spanish,1607600018.1162455,133.60000000000036,,,,,,,,,,
5feb40da638e744fa4ca2a8b,spanish,1607600019.2612026,306.865,,,,,,,,,,
5feb40da638e744fa4ca2a8c,spanish,1607600020.2529178,298.29499999999996,,,,,,,,,,
5feb40da638e744fa4ca2a8d,spanish,1607600021.3370557,293.46000000000004,,,,,,,,,,
5feb40da638e744fa4ca2a8e,spanish,1607600022.3540058,304.88,,,,,,,,,,
5feb40da638e744fa4ca2a8f,spanish,1607600024.27401,296.06999999999994,,,,,,,,,,
5feb40da638e744fa4ca2a90,spanish,1607600025.461317,301.46000000000004,,,,,,,,,,
5feb40da638e744fa4ca2a91,spanish,1607600026.639562,290.5000000000002,,,,,,,,,,
5feb40da638e744fa4ca2a92,spanish,1607600028.4973593,306.8699999999999,,,,,,,,,,
5feb40da638e744fa4ca2a93,spanish,1607600029.8149228,300.6700000000001,,,,,,,,,,
5feb40da638e744fa4ca2a94,spanish,1607600030.9055486,209.42999999999984,,,,,,,,,,
5feb40da638e744fa4ca2aea,spanish,1607600033.4968643,305.805,,,,,,,,,,
5feb40da638e744fa4ca2aeb,spanish,1607600034.7634437,301.73499999999996,,,,,,,,,,
5feb40da638e744fa4ca2aec,spanish,1607600035.7857835,301.47,,,,,,,,,,
5feb40da638e744fa4ca2aed,spanish,1607600036.7650542,299.95000000000005,,,,,,,,,,
5feb40da638e744fa4ca2aee,spanish,1607600037.9227724,302.5999999999999,,,,,,,,,,
5feb40da638e744fa4ca2aef,spanish,1607600039.2596986,300.58000000000015,,,,,,,,,,
5feb40da638e744fa4ca2af0,spanish,1607600040.4094841,287.91999999999985,,,,,,,,,,
5feb40da638e744fa4ca2af1,spanish,1607600041.609319,306.92999999999984,,,,,,,,,,
5feb40da638e744fa4ca2af2,spanish,1607600043.0643775,302.3000000000002,,,,,,,,,,
5feb40da638e744fa4ca2af3,spanish,1607600044.0695536,311.75,,,,,,,,,,
5feb40da638e744fa4ca2af4,spanish,1607600045.1638901,302.3699999999999,,,,,,,,,,
5feb40da638e744fa4ca2af5,spanish,1607600046.4491515,300.72000000000025,,,,,,,,,,
5feb40da638e744fa4ca2af6,spanish,1607600047.6421225,302.15999999999985,,,,,,,,,,
5feb40da638e744fa4ca2af7,spanish,1607600048.606952,305.9200000000001,,,,,,,,,,
5feb40da638e744fa4ca2af8,spanish,1607600049.3861082,132.3199999999997,,,,,,,,,,
5feb40da638e744fa4ca2ad9,spanish,1607600050.8512096,300.49,,,,,,,,,,
5feb40da638e744fa4ca2ada,spanish,1607600051.9356081,293.85,,,,,,,,,,
5feb40da638e744fa4ca2adb,spanish,1607600053.0852716,309.92999999999995,,,,,,,,,,
5feb40da638e744fa4ca2adc,spanish,1607600054.0251923,294.6700000000001,,,,,,,,,,
5feb40da638e744fa4ca2add,spanish,1607600055.7921257,312.6399999999999,,,,,,,,,,
5feb40da638e744fa4ca2ade,spanish,1607600057.1718729,310.3800000000001,,,,,,,,,,
5feb40da638e744fa4ca2adf,spanish,1607600058.574327,299.4699999999998,,,,,,,,,,
5feb40da638e744fa4ca2ae0,spanish,1607600059.7514236,291.9300000000003,,,,,,,,,,
5feb40da638e744fa4ca2ae1,spanish,1607600060.9074574,305.19000000000005,,,,,,,,,,
5feb40da638e744fa4ca2ae2,spanish,1607600062.0948942,300.73,,,,,,,,,,
5feb40da638e744fa4ca2ae3,spanish,1607600063.2351131,302.9699999999998,,,,,,,,,,
5feb40da638e744fa4ca2ae4,spanish,1607600064.3091676,297.6199999999999,,,,,,,,,,
5feb40da638e744fa4ca2ae5,spanish,1607600065.4312944,214.03999999999996,,,,,,,,,,
5feb40da638e744fa4ca2b6a,spanish,1607600066.6331542,300.35,,,,,,,,,,
5feb40da638e744fa4ca2b6b,spanish,1607600067.5585897,298.31999999999994,,,,,,,,,,
5feb40da638e744fa4ca2b6c,spanish,1607600068.7272072,301.5300000000001,,,,,,,,,,
5feb40da638e744fa4ca2b6d,spanish,1607600070.0195804,297.66999999999985,,,,,,,,,,
5feb40da638e744fa4ca2b6e,spanish,1607600071.212136,301.57000000000016,,,,,,,,,,
5feb40da638e744fa4ca2b6f,spanish,1607600072.3553216,300.20000000000005,,,,,,,,,,
5feb40da638e744fa4ca2b70,spanish,1607600073.5761828,277.3299999999997,,,,,,,,,,
5feb40da638e744fa4ca2b71,spanish,1607600074.7964978,313.3100000000004,,,,,,,,,,
5feb40da638e744fa4ca2b72,spanish,1607600075.8792956,303.75999999999976,,,,,,,,,,
5feb40da638e744fa4ca2b73,spanish,1607600077.2826278,300.30999999999995,,,,,,,,,,
5feb40da638e744fa4ca2b74,spanish,1607600078.7285273,299.6300000000001,,,,,,,,,,
5feb40da638e744fa4ca2b75,spanish,1607600079.735136,242.30999999999995,,,,,,,,,,
5feb40da638e744fa4ca2b2a,spanish,1607600081.0798156,297.165,,,,,,,,,,
5feb40da638e744fa4ca2b2b,spanish,1607600082.218498,307.075,,,,,,,,,,
5feb40da638e744fa4ca2b2c,spanish,1607600083.3760822,306.63,,,,,,,,,,
5feb40da638e744fa4ca2b2d,spanish,1607600084.5626595,298.17999999999995,,,,,,,,,,
5feb40da638e744fa4ca2b2e,spanish,1607600085.6505175,299.53999999999996,,,,,,,,,,
5feb40da638e744fa4ca2b2f,spanish,1607600086.7852108,306.8600000000001,,,,,,,,,,
5feb40da638e744fa4ca2b30,spanish,1607600087.8875918,293.20000000000005,,,,,,,,,,
5feb40da638e744fa4ca2b31,spanish,1607600089.143571,296.6100000000001,,,,,,,,,,
5feb40da638e744fa4ca2b32,spanish,1607600090.2332988,309.42999999999984,,,,,,,,,,
5feb40da638e744fa4ca2b33,spanish,1607600091.5919204,300.05999999999995,,,,,,,,,,
5feb40da638e744fa4ca2b34,spanish,1607600092.6270251,183.92000000000007,,,,,,,,,,
5feb40da638e744fa4ca2b06,spanish,1607600093.9812462,290.3,,,,,,,,,,
5feb40da638e744fa4ca2b07,spanish,1607600095.0974097,310.02000000000004,,,,,,,,,,
5feb40da638e744fa4ca2b08,spanish,1607600096.3682678,296.9699999999999,,,,,,,,,,
5feb40da638e744fa4ca2b09,spanish,1607600097.5843742,308.8800000000001,,,,,,,,,,
5feb40da638e744fa4ca2b0a,spanish,1607600099.6660397,305.98,,,,,,,,,,
5feb40da638e744fa4ca2b0b,spanish,1607600100.9773936,292.1099999999999,,,,,,,,,,
5feb40da638e744fa4ca2b0c,spanish,1607600102.0717003,303.51,,,,,,,,,,
5feb40da638e744fa4ca2b0d,spanish,1607600103.0747657,301.8000000000002,,,,,,,,,,
5feb40da638e744fa4ca2b0e,spanish,1607600104.134315,290.55999999999995,,,,,,,,,,
5feb40da638e744fa4ca2b0f,spanish,1607600105.3554616,305.27,,,,,,,,,,
5feb40da638e744fa4ca2b10,spanish,1607600106.3645535,236.6300000000001,,,,,,,,,,
5feb40da638e744fa4ca2a6d,spanish,1607600107.6871247,305.295,,,,,,,,,,
5feb40da638e744fa4ca2a6e,spanish,1607600108.7783232,309.76499999999993,,,,,,,,,,
5feb40da638e744fa4ca2a6f,spanish,1607600109.9418523,300.45000000000005,,,,,,,,,,
5feb40da638e744fa4ca2a70,spanish,1607600111.2242823,301.3700000000001,,,,,,,,,,
5feb40da638e744fa4ca2a71,spanish,1607600112.3461196,301.8699999999999,,,,,,,,,,
5feb40da638e744fa4ca2a72,spanish,1607600113.5874705,317.28,,,,,,,,,,
5feb40da638e744fa4ca2a73,spanish,1607600114.6263893,307.6099999999999,,,,,,,,,,
5feb40da638e744fa4ca2a74,spanish,1607600115.8029377,301.49000000000024,,,,,,,,,,
5feb40da638e744fa4ca2a75,spanish,1607600116.9673963,299.8599999999997,,,,,,,,,,
5feb40da638e744fa4ca2a76,spanish,1607600118.0489607,300.10000000000036,,,,,,,,,,
5feb40da638e744fa4ca2a77,spanish,1607600119.8013377,302.87999999999965,,,,,,,,,,
5feb40da638e744fa4ca2a78,spanish,1607600121.2833526,298.6400000000003,,,,,,,,,,
5feb40da638e744fa4ca2a79,spanish,1607600122.4176023,300.8299999999999,,,,,,,,,,
5feb40da638e744fa4ca2a7a,spanish,1607600123.8963256,302.23,,,,,,,,,,
5feb40da638e744fa4ca2a7b,spanish,1607600124.9995542,303.14999999999964,,,,,,,,,,
5feb40da638e744fa4ca2a7c,spanish,1607600125.7653124,70.07999999999993,,,,,,,,,,
5feb40da638e744fa4ca2ae6,spanish,1607600127.40003,301.455,,,,,,,,,,
5feb40da638e744fa4ca2ae7,spanish,1607600128.6074197,304.665,,,,,,,,,,
5feb40da638e744fa4ca2ae8,spanish,1607600129.8125792,300.28,,,,,,,,,,
5feb40da638e744fa4ca2ae9,spanish,1607600130.891152,198.7700000000001,,,,,,,,,,
5feb40da638e744fa4ca2af9,spanish,1607600132.2786908,314.27,,,,,,,,,,
5feb40da638e744fa4ca2afa,spanish,1607600133.413496,300.78999999999996,,,,,,,,,,
5feb40da638e744fa4ca2afb,spanish,1607600134.6714907,306.07000000000005,,,,,,,,,,
5feb40da638e744fa4ca2afc,spanish,1607600135.8033493,308.7600000000001,,,,,,,,,,
5feb40da638e744fa4ca2afd,spanish,1607600137.0019557,298.28,,,,,,,,,,
5feb40da638e744fa4ca2afe,spanish,1607600138.1368706,300.72,,,,,,,,,,
5feb40da638e744fa4ca2aff,spanish,1607600139.3540602,301.3700000000001,,,,,,,,,,
5feb40da638e744fa4ca2b00,spanish,1607600140.474278,304.8599999999997,,,,,,,,,,
5feb40da638e744fa4ca2b01,spanish,1607600141.4764934,296.9100000000003,,,,,,,,,,
5feb40da638e744fa4ca2b02,spanish,1607600143.0763514,279.3599999999997,,,,,,,,,,
5feb40da638e744fa4ca2b03,spanish,1607600144.1276226,282.27,,,,,,,,,,
5feb40da638e744fa4ca2b04,spanish,1607600145.4633896,290.69000000000005,,,,,,,,,,
5feb40da638e744fa4ca2b05,spanish,1607600146.2617123,83.51000000000022,,,,,,,,,,
5feb40da638e744fa4ca2b41,spanish,1607600148.0242538,299.06,,,,,,,,,,
5feb40da638e744fa4ca2b42,spanish,1607600149.1955984,296.99999999999994,,,,,,,,,,
5feb40da638e744fa4ca2b43,spanish,1607600150.54119,300.18000000000006,,,,,,,,,,
5feb40da638e744fa4ca2b44,spanish,1607600151.6979432,299.03999999999996,,,,,,,,,,
5feb40da638e744fa4ca2b45,spanish,1607600152.873203,297.22,,,,,,,,,,
5feb40da638e744fa4ca2b46,spanish,1607600153.9662018,300.19000000000005,,,,,,,,,,
5feb40da638e744fa4ca2b47,spanish,1607600154.9912696,304.09000000000015,,,,,,,,,,
5feb40da638e744fa4ca2b48,spanish,1607600156.0660899,300.9399999999996,,,,,,,,,,
5feb40da638e744fa4ca2b49,spanish,1607600157.1091888,293.0100000000002,,,,,,,,,,
5feb40da638e744fa4ca2b4a,spanish,1607600158.398193,309.8600000000001,,,,,,,,,,
5feb40da638e744fa4ca2b4b,spanish,1607600159.5315685,306.03999999999996,,,,,,,,,,
5feb40da638e744fa4ca2b4c,spanish,1607600160.5613904,172.13999999999987,,,,,,,,,,
5feb40da638e744fa4ca2a7d,spanish,1607600161.8504055,299.01,,,,,,,,,,
5feb40da638e744fa4ca2a7e,spanish,1607600162.922004,303.33000000000004,,,,,,,,,,
5feb40da638e744fa4ca2a7f,spanish,1607600164.813146,286.9599999999999,,,,,,,,,,
5feb40da638e744fa4ca2a80,spanish,1607600165.8573143,299.30999999999995,,,,,,,,,,
5feb40da638e744fa4ca2a81,spanish,1607600167.4862757,300.74,,,,,,,,,,
5feb40da638e744fa4ca2a82,spanish,1607600168.5782065,304.27,,,,,,,,,,
5feb40da638e744fa4ca2a83,spanish,1607600169.7373972,300.3299999999999,,,,,,,,,,
5feb40da638e744fa4ca2a84,spanish,1607600171.0336442,298.22000000000025,,,,,,,,,,
5feb40da638e744fa4ca2a85,spanish,1607600172.1933587,300.52999999999975,,,,,,,,,,
5feb40da638e744fa4ca2a86,spanish,1607600173.3923728,303.1300000000001,,,,,,,,,,
5feb40da638e744fa4ca2a87,spanish,1607600174.4706066,299.8600000000001,,,,,,,,,,
5feb40da638e744fa4ca2a88,spanish,1607600175.6113076,300.9200000000001,,,,,,,,,,
5feb40da638e744fa4ca2a89,spanish,1607600176.753672,293.46000000000004,,,,,,,,,,
5feb40da638e744fa4ca2a8a,spanish,1607600177.3984551,26.789999999999964,,,,,,,,,,
5feb40da638e744fa4ca2b4d,spanish,1607600178.6567464,298.805,,,,,,,,,,
5feb40da638e744fa4ca2b4e,spanish,1607600179.8788536,301.535,,,,,,,,,,
5feb40da638e744fa4ca2b4f,spanish,1607600181.297969,297.7199999999999,,,,,,,,,,
5feb40da638e744fa4ca2b50,spanish,1607600182.4127607,299.95000000000005,,,,,,,,,,
5feb40da638e744fa4ca2b51,spanish,1607600183.3161213,300.76,,,,,,,,,,
5feb40da638e744fa4ca2b52,spanish,1607600184.3077903,300.45000000000005,,,,,,,,,,
5feb40da638e744fa4ca2b53,spanish,1607600185.68853,310.18000000000006,,,,,,,,,,
5feb40da638e744fa4ca2b54,spanish,1607600187.3044698,298.98,,,,,,,,,,
5feb40da638e744fa4ca2b55,spanish,1607600188.3344402,301.3399999999997,,,,,,,,,,
5feb40da638e744fa4ca2b56,spanish,1607600189.3426273,297.47000000000025,,,,,,,,,,
5feb40da638e744fa4ca2b57,spanish,1607600190.3989658,298.19000000000005,,,,,,,,,,
5feb40da638e744fa4ca2b58,spanish,1607600191.5434897,303.8199999999997,,,,,,,,,,
5feb40da638e744fa4ca2b59,spanish,1607600192.6589305,301.0600000000004,,,,,,,,,,
5feb40da638e744fa4ca2b5a,spanish,1607600193.848545,288.6199999999999,,,,,,,,,,